"time","value"
2010,85525.0309827451
2012,87418.1617557608
2014,89167.3421944728
2016,89720.7402963921
2018,90219.660471879
2020,90771.7649759814
2022,91667.7148967955
2024,92369.3768644559
2026,92734.4193720033
2028,92998.2369698991
2030,93307.8584128365
2032,93624.652750078
2034,93887.0461352706
2036,94132.3409305386
2038,94254.9775116493
2040,94443.2894890554
2042,94771.9778473203
2044,95340.1284479577
2046,95753.1993202942
2048,96540.1278236739
2050,97298.8593471941
