"time","value"
2010,85525.0309827451
2012,87418.1617557608
2014,89167.3421944728
2016,89720.7402963921
2018,89778.7305846884
2020,90173.3024633255
2022,90754.423858654
2024,91510.5737653947
2026,91832.9012143569
2028,92071.4448196222
2030,92261.2999015988
2032,92556.6453402012
2034,92896.4304643027
2036,93174.2745938857
2038,93403.3801642304
2040,93718.3737157364
2042,94332.5812359467
2044,94873.7773092441
2046,95387.2175656755
2048,96632.9604747707
2050,97664.6561139492
