"time","value"
2010,85525.0309827451
2012,87418.1617557608
2014,89167.3421944728
2016,89720.7402963921
2018,89773.8927539684
2020,90462.7487522144
2022,91578.0454889825
2024,91921.5127370437
2026,92182.0774135896
2028,92382.9648580603
2030,92590.415789251
2032,92903.777283556
2034,93172.113162663
2036,93428.5109214052
2038,93786.961797639
2040,94101.4037793456
2042,94487.8375085168
2044,95135.7785657891
2046,95669.465155587
2048,96897.5671145237
2050,97856.2322647229
