"time","value"
2010,2.25184560468965
2012,1.89369089355442
2014,2.03755864596764
2016,1.66448063601567
2018,1.58419650547452
2020,1.58805596968798
2022,1.56197733071184
2024,1.61620447126411
2026,1.61989194035264
2028,1.57824756821565
2030,1.50042158824164
2032,1.50268680446082
2034,1.53422078110196
2036,1.53317794996546
2038,1.53593583772351
2040,1.50157206630381
2042,1.46395669133779
2044,1.41778673670932
2046,1.34794139889273
2048,1.244539930928
2050,1.17306468293825
