"time","value"
2010,85525.0309827451
2012,87418.1617557608
2014,89167.3421944728
2016,89720.7402963921
2018,89720.7402963921
2020,89722.7094802675
2022,89766.5064862547
2024,89784.2572095736
2026,89844.8762873051
2028,89900.1239840633
2030,89977.1323656413
2032,90017.1294647659
2034,90087.0901923579
2036,90150.6626650039
2038,90164.5601641322
2040,90180.9420647943
2042,90202.8968713637
2044,90243.7363443444
2046,90283.4421388784
2048,90482.012438454
2050,90916.0145088017
