"time","value"
2010,85525.0309827451
2012,87418.1617557608
2014,89167.3421944728
2016,89720.7402963921
2018,89773.8918582297
2020,90194.1238810175
2022,90782.8738170062
2024,91502.413874292
2026,91745.3563801174
2028,91893.2271188789
2030,92136.8909186176
2032,92422.59387803
2034,92685.9739515084
2036,92889.5355795918
2038,93331.3978214821
2040,93591.1585366022
2042,94127.0508358984
2044,94453.2583672539
2046,95227.655487181
2048,96058.8934162048
2050,97026.9100642354
