"time","value"
2010,2.25184560468965
2012,1.8940185184298
2014,2.03854508419992
2016,1.66824377094624
2018,1.58714533351375
2020,1.79887914388687
2022,1.58079896291616
2024,1.55613627180791
2026,1.43295963107875
2028,1.22392101305081
2030,1.12045353871898
2032,1.08699624673911
2034,1.04390572381608
2036,1.00521985708206
2038,0.978155054910798
2040,0.898222622041611
2042,0.786132015740105
2044,0.661019566670987
2046,0.567161771646656
2048,0.477391500470436
2050,0.376946311056023
