"time","value"
2010,2.25184560468965
2012,1.89369089355442
2014,2.03755864596764
2016,1.66448064976002
2018,1.58823937473517
2020,1.63533879959317
2022,1.63705209193512
2024,1.6855260368139
2026,1.67958871555351
2028,1.69458659910664
2030,1.68591821021844
2032,1.73714082772743
2034,1.74478959629814
2036,1.77510911581343
2038,1.79754206920107
2040,1.79809658142886
2042,1.82254529386324
2044,1.82063585996753
2046,1.80963907176324
2048,1.76888388695508
2050,1.71019370305102
