"time","value"
2010,2.25184560468965
2012,1.89369089355442
2014,2.03755864600629
2016,1.66448218350237
2018,1.58308050443011
2020,1.85742962426485
2022,1.76555578187688
2024,1.76063254001391
2026,1.75079454961619
2028,1.73032303147551
2030,1.67965913280942
2032,1.65365710023172
2034,1.60549574706236
2036,1.56378051239995
2038,1.51631394014036
2040,1.42758827538443
2042,1.34441830888366
2044,1.269859188102
2046,1.17218302635071
2048,1.04343161732887
2050,0.938102735417487
