"time","value"
2010,85525.0309827451
2012,87418.1617557608
2014,89167.3421944728
2016,89720.7402963921
2018,89773.2557012338
2020,90467.6366273013
2022,92264.2074289034
2024,93229.9969390772
2026,93944.0446756389
2028,94521.7302352414
2030,95384.6743140931
2032,96669.2917942154
2034,98635.8023669695
2036,100569.792071822
2038,102041.518915753
2040,104167.687925847
2042,105299.108975543
2044,106668.353990779
2046,108410.333365223
2048,111819.602248009
2050,114935.278061321
