"time","value"
2010,2.25184560468965
2012,1.89369089355442
2014,2.03755864596764
2016,1.66448063496563
2018,1.58419371732629
2020,1.57726478033104
2022,1.54229747408635
2024,1.58585376325566
2026,1.58408081038068
2028,1.53030629723071
2030,1.45758885990502
2032,1.48583666941274
2034,1.4587864359025
2036,1.44660030927849
2038,1.42595708745391
2040,1.40414312277186
2042,1.37457024800496
2044,1.34370561994957
2046,1.29191142217172
2048,1.22166092979431
2050,1.1432620613058
