"time","value"
2010,85525.0309827451
2012,87418.1617557608
2014,89167.3421944728
2016,89720.7402963921
2018,89773.8919439435
2020,90469.2682564974
2022,92292.1692376611
2024,93244.5961940111
2026,93951.6081712711
2028,94507.1537172517
2030,95327.4367667821
2032,96609.379175925
2034,98593.8055442645
2036,100493.785879369
2038,102141.090747937
2040,104325.736916503
2042,105344.869940089
2044,106688.204246989
2046,108532.95048572
2048,112271.271329871
2050,115515.530984219
