"time","value"
2010,85525.0309827451
2012,87418.1617557608
2014,89167.3421944728
2016,89720.7402963921
2018,89774.1827565927
2020,90189.7434925067
2022,90933.5894969292
2024,91600.2663145021
2026,91887.7322522899
2028,92017.2418894109
2030,92417.3523942874
2032,92846.668554715
2034,93109.2257800022
2036,93347.1295124219
2038,93576.6375660208
2040,93899.8796277955
2042,94300.7292472825
2044,94792.2194042148
2046,95554.0722633873
2048,96121.0155648435
2050,96986.8700027348
