"time","value"
2010,2.25184560468965
2012,1.89369089355442
2014,2.03755864600629
2016,1.66448218632023
2018,1.58419538524363
2020,1.85815664247572
2022,1.76626655260417
2024,1.7604237332566
2026,1.75039417115797
2028,1.72950596260406
2030,1.67973209724867
2032,1.65433542637341
2034,1.60571763073199
2036,1.56796115184938
2038,1.51022353540726
2040,1.42470118001036
2042,1.34394321516569
2044,1.25976914992669
2046,1.15412835261314
2048,1.03274185498259
2050,0.92591330854217
