"time","value"
2010,2.25184560468965
2012,1.89369089355442
2014,2.03755864596764
2016,1.66448064976002
2018,1.58419615301333
2020,1.57265523500188
2022,1.53283925607132
2024,1.5821326651989
2026,1.58024924482122
2028,1.54100547775018
2030,1.45993807605805
2032,1.45226007390471
2034,1.41954021381143
2036,1.38350071466052
2038,1.35866511288722
2040,1.32747292533687
2042,1.29625198630767
2044,1.24955562800438
2046,1.18522178060708
2048,1.13587202064799
2050,1.08044594008694
