"time","value"
2010,2.25184560468965
2012,1.89369089355442
2014,2.03755864600629
2016,1.66448218632023
2018,1.58419538524345
2020,1.85815391400354
2022,1.7662922134576
2024,1.76046525982666
2026,1.75058579035081
2028,1.72966333402194
2030,1.68013091749273
2032,1.65489592756528
2034,1.60578709244967
2036,1.56942437812705
2038,1.51354162274428
2040,1.42195705429787
2042,1.34149526243707
2044,1.26398855063296
2046,1.15531347717944
2048,1.02860405194364
2050,0.935190449143868
