"time","value"
2010,85525.0309827451
2012,87418.1617557608
2014,89167.3421944728
2016,89720.7402963921
2018,89773.8919439435
2020,90469.4183126594
2022,92292.817016231
2024,93245.5834656438
2026,93955.4238803874
2028,94506.5778989758
2030,95323.0742666833
2032,96639.3518073581
2034,98399.8432946829
2036,100376.529094352
2038,101746.27809546
2040,104085.471421033
2042,105028.402434555
2044,107031.390974291
2046,111479.471854002
2048,118199.029047219
2050,124643.771228825
