"time","value"
2010,2.25184560468965
2012,1.89369089355442
2014,2.03755864600629
2016,1.66448218632023
2018,1.58419538524361
2020,1.85815391400342
2022,1.76629221345704
2024,1.760465259826
2026,1.7506713324172
2028,1.7297120186491
2030,1.68018641698359
2032,1.65439955512702
2034,1.605224729542
2036,1.56946813357264
2038,1.50275473389767
2040,1.39715352908626
2042,1.30668219551134
2044,1.19969069794295
2046,1.05686472213979
2048,0.904768248387815
2050,0.768496773260018
