"time","value"
2010,85525.0309827451
2012,87418.1617557608
2014,89167.3421944728
2016,89720.7402963921
2018,89777.3881157547
2020,90173.6162447499
2022,91164.2897316561
2024,91684.1307140319
2026,91814.0818268117
2028,92033.5281464686
2030,92131.015115297
2032,92187.0957993157
2034,92354.7073629291
2036,92511.7422553642
2038,92737.5658660653
2040,93080.6356260747
2042,93263.1452314294
2044,93365.471826377
2046,93375.473971998
2048,93625.3211321673
2050,94000.6898570412
