"time","value"
2010,85525.0309827451
2012,87418.1617557608
2014,89167.3421944728
2016,89720.7402963921
2018,89773.8919439435
2020,90469.4183126611
2022,92292.8170162318
2024,93245.5834656313
2026,93953.1598416995
2028,94501.9686916686
2030,95313.9549294441
2032,96656.6056012905
2034,98664.9440974824
2036,100549.888612371
2038,101984.390267414
2040,104402.303239261
2042,105449.283817861
2044,106742.720336425
2046,108907.649048463
2048,113094.320630901
2050,116165.661956415
