"time","value"
2010,2.25184560468965
2012,1.89369089355442
2014,2.03755864600622
2016,1.66448218972766
2018,1.58419565143397
2020,1.4906407363689
2022,1.37676406488848
2024,1.34762334915293
2026,1.30513091402325
2028,1.24445953592561
2030,1.1292830613957
2032,1.10830745814457
2034,1.08490754977518
2036,1.06939845588044
2038,1.05716261173651
2040,1.06762595094277
2042,1.09527041547737
2044,1.11577560726431
2046,1.15822960729341
2048,1.19648990834114
2050,1.19891997743208
