"time","value"
2010,2.25184560468965
2012,1.89369089355442
2014,2.03755864596764
2016,1.66448064976002
2018,1.58419615301321
2020,1.5726552370565
2022,1.53284860466345
2024,1.58212426146075
2026,1.58014442498354
2028,1.5406214382637
2030,1.46025823510217
2032,1.45598913921741
2034,1.42422347556779
2036,1.38579111099027
2038,1.35708074152157
2040,1.32658415034838
2042,1.28725594730908
2044,1.23947802270523
2046,1.16829709154761
2048,1.09535002162944
2050,1.0313975461132
