"time","value"
2010,85525.0309827451
2012,87418.1617557608
2014,89167.3421944728
2016,89720.7402963921
2018,89775.0420985494
2020,89923.3012329172
2022,90155.5586518234
2024,90267.2824964067
2026,90539.5612939289
2028,91175.3849072487
2030,91767.542304033
2032,92278.752580417
2034,92566.0404990963
2036,92771.6433074112
2038,93013.5047942158
2040,93576.7459695207
2042,94166.1413363836
2044,94682.814974039
2046,95099.2556247348
2048,95529.4550859409
2050,95880.0205724674
