"time","value"
2010,85525.0309827451
2012,87418.1617557608
2014,89167.3421944728
2016,89720.7402963921
2018,89776.3698256287
2020,90178.2113802274
2022,90526.4965539084
2024,91174.8186701932
2026,91562.2783414507
2028,91961.9086269526
2030,92595.2956662961
2032,93560.783173098
2034,94338.2095760497
2036,94808.0818098175
2038,95037.9932888427
2040,95346.7757007203
2042,95666.564758364
2044,95969.6676005726
2046,96625.9745664567
2048,97306.6031479089
2050,98550.1846402199
