"time","value"
2010,85525.0309827451
2012,87418.1617557608
2014,89167.3421944728
2016,89720.7402963921
2018,89777.3881548856
2020,90201.9353562511
2022,90812.8123421704
2024,91076.891064415
2026,91177.1954894754
2028,91238.1869972019
2030,91295.6511753098
2032,91438.8912775762
2034,91497.6803830592
2036,91619.8208906619
2038,91728.8760823906
2040,92008.5156253305
2042,92724.3829147107
2044,92944.5168687663
2046,93175.9733585094
2048,93355.4548985575
2050,93608.732755183
