"time","value"
2010,2.25184560468965
2012,1.89369089355442
2014,2.03755864600622
2016,1.66448218972766
2018,1.58419565143378
2020,1.49061869503438
2022,1.37688120307514
2024,1.34909833568212
2026,1.30513879369396
2028,1.24288791581373
2030,1.12850472789801
2032,1.10343542740251
2034,1.08240634184783
2036,1.07370217353291
2038,1.06116486124197
2040,1.07044460240649
2042,1.10033083204403
2044,1.11920297020557
2046,1.1588210167007
2048,1.18932738185893
2050,1.19168174724316
