"time","value"
2010,85525.0309827451
2012,87418.1617557608
2014,89167.3421944728
2016,89720.7402963921
2018,89864.6487482096
2020,90206.7169773559
2022,90537.3662890817
2024,90733.0740966299
2026,91452.2785997273
2028,91740.390276256
2030,93695.4567394429
2032,94429.4211240773
2034,94885.8216465641
2036,95552.6593769085
2038,95885.7309672196
2040,96087.3707593029
2042,96450.9157181228
2044,96815.1932083922
2046,97530.1714280598
2048,98445.6258447359
2050,99765.6757610684
