"time","value"
2010,2.25184560468965
2012,1.89369089355442
2014,2.03755864596764
2016,1.66448064976002
2018,1.58419615301398
2020,1.57265523500097
2022,1.53287472609059
2024,1.58214799625208
2026,1.58004224493137
2028,1.54061184331051
2030,1.46045446236485
2032,1.45019408055073
2034,1.41572409805963
2036,1.37983849465599
2038,1.36379705779547
2040,1.32483002593847
2042,1.28995186920691
2044,1.24709965932099
2046,1.18817541273468
2048,1.13655858425028
2050,1.07939065649281
