"time","value"
2010,85525.0309827451
2012,87418.1617557608
2014,89167.3421944728
2016,89720.7402963921
2018,89773.8918387886
2020,90150.3582996862
2022,90936.2794946193
2024,91259.0482137322
2026,91431.0404441066
2028,91626.5901348185
2030,91721.9510875594
2032,91827.094533575
2034,91883.1302635861
2036,92027.4144496783
2038,92080.4189963311
2040,92134.7156880296
2042,92197.5015508565
2044,92246.1276891375
2046,92314.2906737546
2048,92469.4379711691
2050,92550.5969144479
