"time","value"
2010,2.25184560468965
2012,1.89369089355442
2014,2.03755864596764
2016,1.66448063601567
2018,1.58419704302822
2020,1.54476207468803
2022,1.48905208084525
2024,1.54084215939649
2026,1.54829311819507
2028,1.52337282537548
2030,1.48479300671576
2032,1.45648036554816
2034,1.37399204073037
2036,1.35058466994405
2038,1.32517161309122
2040,1.27065913164684
2042,1.21621523146282
2044,1.16946958128024
2046,1.10101298829738
2048,1.04985491239671
2050,0.999647451073793
