"time","value"
2010,2.25184560468965
2012,1.89369089355442
2014,2.03755864596764
2016,1.66448064976002
2018,1.58419615301327
2020,1.57263001364435
2022,1.53279256085383
2024,1.58195436332106
2026,1.57996680791386
2028,1.5403000011294
2030,1.45968590685339
2032,1.45143910836875
2034,1.42242038294919
2036,1.37919737599524
2038,1.35381908390093
2040,1.32147726628549
2042,1.28987231287587
2044,1.24058845871901
2046,1.18876567266704
2048,1.13524036251454
2050,1.08315409564819
