"time","value"
2010,2.25184560468965
2012,1.89369089355442
2014,2.03755864600622
2016,1.66448218972766
2018,1.58419565143558
2020,1.49064073636891
2022,1.37676404549656
2024,1.34762329672841
2026,1.30531880507509
2028,1.24385708558312
2030,1.13229948136825
2032,1.10804334174901
2034,1.08552785072034
2036,1.06847921957547
2038,1.05792788141972
2040,1.07051496109872
2042,1.095443186993
2044,1.11385243777655
2046,1.15333226084692
2048,1.17983058582815
2050,1.17280849222519
