"time","value"
2010,85525.0309827451
2012,87418.1617557608
2014,89167.3421944728
2016,89720.7402963921
2018,89773.8930572171
2020,89984.0907090639
2022,90293.5103265871
2024,90932.6955358816
2026,91188.9721537009
2028,91335.7477490144
2030,91552.8263138735
2032,91853.3632574981
2034,91984.8413130694
2036,92707.5254059166
2038,92854.1401046389
2040,93237.0467734032
2042,93515.8839908028
2044,93885.9799999806
2046,94286.9583576982
2048,94809.7496418274
2050,95440.2181354053
