"time","value"
2010,85525.0309827451
2012,87418.1617557608
2014,89167.3421944728
2016,89720.7402963921
2018,89773.8918387885
2020,90150.3582996868
2022,90936.2795257595
2024,91259.04660338
2026,91430.49090939
2028,91611.1084113216
2030,91737.4011967225
2032,91867.8556581673
2034,91934.9043053365
2036,92056.9158019475
2038,92136.1655718191
2040,92280.7202745492
2042,92484.9646215595
2044,92576.2404272199
2046,92663.3603034648
2048,92767.282443897
2050,92991.7332955971
