"time","value"
2010,2.25184560468965
2012,1.89369089355442
2014,2.03755864596764
2016,1.66448064976002
2018,1.58182319026043
2020,1.56009743886195
2022,1.41704406031755
2024,1.46668050737151
2026,1.36421689573965
2028,1.17704527394489
2030,0.915268060505298
2032,0.754786456086724
2034,0.658770109648553
2036,0.627177903111295
2038,0.595516729522543
2040,0.583284445839968
2042,0.565700151264087
2044,0.555797438956775
2046,0.543711495612325
2048,0.543669197378127
2050,0.534475853968256
