"time","value"
2010,2.25184560468965
2012,1.89369089355442
2014,2.03755864596764
2016,1.66448064976002
2018,1.58419615301298
2020,1.57265523499316
2022,1.53281612505096
2024,1.58213442290582
2026,1.58078355059293
2028,1.53882449793148
2030,1.46503303597915
2032,1.46035246228904
2034,1.42562704600933
2036,1.38275174369921
2038,1.36141182813526
2040,1.32519534739906
2042,1.29473922551357
2044,1.2454051362642
2046,1.18723995682721
2048,1.13377336648222
2050,1.07683079988464
