"time","value"
2010,85525.0309827451
2012,87418.1617557608
2014,89167.3421944728
2016,89720.7402963921
2018,89776.662121013
2020,90131.011688597
2022,90409.9693594178
2024,90542.6252456222
2026,90878.6282926472
2028,91315.8582325464
2030,91755.7011000908
2032,93845.6037960818
2034,94840.6838472061
2036,95291.072673345
2038,95671.9155321284
2040,95928.5358145075
2042,96321.3079633176
2044,96858.8793986559
2046,97766.8134308002
2048,98363.175472203
2050,99623.123496262
