"time","value"
2010,85525.0309827451
2012,87418.1617557608
2014,89167.3421944728
2016,89720.7402963921
2018,89773.8918582297
2020,90194.1239384074
2022,90782.9133703902
2024,91503.3449321044
2026,91746.7759385034
2028,91895.0561774879
2030,92144.0403149282
2032,92421.7210653333
2034,92627.0134310331
2036,92758.2796084118
2038,93201.2300219449
2040,93344.440692226
2042,93745.3415809603
2044,94062.5091122978
2046,94823.6705679754
2048,95720.2107711078
2050,96431.3014069994
