"time","value"
2010,85525.0309827451
2012,87418.1617557608
2014,89167.3421944728
2016,89720.7402963921
2018,89776.8415546875
2020,90145.5136878521
2022,90437.0311528952
2024,90763.8483655513
2026,91053.4493397375
2028,91397.2663493318
2030,92114.2936329493
2032,92527.5201532955
2034,92815.0029533296
2036,93410.8782251211
2038,93646.6996222026
2040,93953.5514649181
2042,94166.4626639847
2044,94475.5245942197
2046,94834.9572855949
2048,95197.4426612212
2050,95614.7974931375
