"time","value"
2010,2.25184560468965
2012,1.89369089355442
2014,2.03755864600622
2016,1.66448218972766
2018,1.58823971543472
2020,1.54513972563919
2022,1.43674903777945
2024,1.41615358944988
2026,1.36042480521656
2028,1.34318104698759
2030,1.29523974141818
2032,1.30633562268646
2034,1.29494410626463
2036,1.29344217805173
2038,1.28605147459538
2040,1.28530757654157
2042,1.31661798305231
2044,1.35168548614795
2046,1.41625105952185
2048,1.46801852552816
2050,1.50079024761791
