"time","value"
2010,2.25184560468965
2012,1.8940185184298
2014,2.03854508419994
2016,1.66824377094624
2018,1.58714802620929
2020,1.53908697135012
2022,1.36584579984766
2024,1.37518297266813
2026,1.31567501075981
2028,1.13068507348665
2030,0.875787606970696
2032,0.631632887808299
2034,0.521733369204173
2036,0.511784978145431
2038,0.49573674477497
2040,0.490794937564117
2042,0.478507816246055
2044,0.458084527703731
2046,0.4616644642631
2048,0.459680349403497
2050,0.455037796805703
