"time","value"
2010,2.25184560468965
2012,1.8940185184298
2014,2.03854508419994
2016,1.66824377094624
2018,1.58980522515005
2020,1.5516501022659
2022,1.49038667010708
2024,1.49184280475667
2026,1.46387553482024
2028,1.38838436799047
2030,1.2868038420544
2032,1.2890739643256
2034,1.25878616974421
2036,1.17510180521009
2038,1.13561556390568
2040,1.08644887465342
2042,1.04150444633987
2044,0.998217935110645
2046,0.945117538604202
2048,0.925056602494086
2050,0.895213975024139
