"time","value"
2010,85525.0309827451
2012,87418.1617557608
2014,89167.3421944728
2016,89720.7402963921
2018,89773.8918582297
2020,90194.0523323191
2022,90782.8987631023
2024,91502.6148816505
2026,91748.2417534487
2028,91892.3641525697
2030,92135.9934879904
2032,92424.4411146558
2034,92658.6197702987
2036,92844.467277168
2038,93273.6822797117
2040,93549.6917636826
2042,94034.1526753338
2044,94338.7818364559
2046,94875.0944080466
2048,96033.7566043364
2050,96893.4332267008
