"time","value"
2010,85525.0309827451
2012,87418.1617557608
2014,89167.3421944728
2016,89720.7402963921
2018,89773.8918387883
2020,90150.360079859
2022,90960.6706325117
2024,91274.6749192503
2026,91447.3328512722
2028,91648.38689062
2030,91804.4847183237
2032,91904.4182663157
2034,91964.5475676077
2036,92255.4576147392
2038,92440.7464733367
2040,92617.3544162606
2042,92720.6080418364
2044,92782.8810208492
2046,92891.6626716372
2048,93013.6304985884
2050,93138.6759486622
