"time","value"
2010,85525.0309827451
2012,87418.1617557608
2014,89167.3421944728
2016,89720.7402963921
2018,89773.8918387886
2020,90150.3582996837
2022,90936.279494617
2024,91259.0482137295
2026,91431.0277615156
2028,91625.9348279273
2030,91724.7682971116
2032,91813.0539413748
2034,91879.800936512
2036,92056.2708360244
2038,92201.3653936798
2040,92383.1975250013
2042,92480.2292450071
2044,92539.1653636214
2046,92607.2903240276
2048,92781.6444673731
2050,92892.7827970692
