"time","value"
2010,2.25184560468965
2012,1.89369089355442
2014,2.03755864596764
2016,1.66448064976002
2018,1.58419615301321
2020,1.5726552370565
2022,1.53284860466767
2024,1.5821242612006
2026,1.58014442443923
2028,1.54062143779602
2030,1.46111438248007
2032,1.45443315606059
2034,1.42585498980472
2036,1.38748158460023
2038,1.36994922552248
2040,1.33887024460678
2042,1.30626141108444
2044,1.2620030627658
2046,1.21058369873307
2048,1.15398024774209
2050,1.09002313450933
