"time","value"
2010,85525.0309827451
2012,87418.1617557608
2014,89167.3421944728
2016,89720.7402963921
2018,89773.8918582297
2020,90194.1239384074
2022,90782.9133703633
2024,91503.3449266343
2026,91746.7759299327
2028,91895.0561793025
2030,92136.5595740617
2032,92417.9985644118
2034,92661.6811252898
2036,92852.008517627
2038,93317.5699887236
2040,93636.32427367
2042,94014.6259911422
2044,94389.3411547988
2046,95021.570603587
2048,95923.3594445602
2050,96928.6069596666
