"time","value"
2010,2.2518456046897
2012,1.89369006404208
2014,2.03755863990268
2016,1.66448064941138
2018,1.58426485610411
2020,1.57291108758672
2022,1.53309236509026
2024,1.5817012307477
2026,1.47191488514196
2028,1.29800201912083
2030,1.12692207922193
2032,0.958807599582584
2034,0.757687198596978
2036,0.609289279950816
2038,0.496950053132098
2040,0.416634779109833
2042,0.360675280197238
2044,0.33129915952536
2046,0.312657232360355
2048,0.308571718029674
2050,0.30590332277839
