"time","value"
2010,85525.0309827451
2012,87418.1617557608
2014,89167.3421944728
2016,89720.7402963921
2018,89772.8880013058
2020,90183.1966873876
2022,90776.7173496068
2024,91500.5664254613
2026,91854.0691666076
2028,92289.9982903215
2030,92714.3777326118
2032,94629.1273317657
2034,95514.0551915407
2036,96540.5346010443
2038,97351.1012442496
2040,99128.4568670043
2042,102021.649825867
2044,103929.37808046
2046,107088.709551731
2048,109436.549954092
2050,111350.644277642
