"time","value"
2010,2.25184560468965
2012,1.89369089355442
2014,2.03755864596764
2016,1.66448063500356
2018,1.58419488030285
2020,1.57264637374256
2022,1.52807371379154
2024,1.38125854190183
2026,1.12158221773147
2028,0.980825993264509
2030,0.845792757518017
2032,0.870216374015123
2034,0.877064637762287
2036,0.915530360284131
2038,0.940664818265007
2040,0.952365579112242
2042,0.969976927695863
2044,0.979018390811746
2046,0.977538894106194
2048,0.968399635929646
2050,0.939880026287907
