"time","value"
2010,85525.0309827451
2012,87418.1617557608
2014,89167.3421944728
2016,89720.7402963921
2018,89773.8925946989
2020,90191.3060914769
2022,90641.7156507452
2024,91107.947192658
2026,92142.2009419478
2028,92777.3090027097
2030,93361.8670137427
2032,94871.3666295131
2034,95335.9808919924
2036,95665.9458819059
2038,95946.8897521041
2040,96148.5670686273
2042,96326.2150921851
2044,96613.8889284786
2046,97011.7034301381
2048,97360.4329341269
2050,97814.0626200787
