"time","value"
2010,85525.0309827451
2012,87418.1617557608
2014,89167.3421944728
2016,89720.7402963921
2018,89773.8918582297
2020,90194.1239384074
2022,90782.9132108011
2024,91503.3466837553
2026,91746.7796740091
2028,91895.0645477773
2030,92136.314468038
2032,92423.4538426655
2034,92666.4456484959
2036,92848.810908246
2038,93316.816984676
2040,93626.1638730038
2042,94097.7488841249
2044,94404.9985815146
2046,94971.7993038706
2048,96128.6923710894
2050,96965.2225133855
