"time","value"
2010,85525.0309827451
2012,87418.1617557608
2014,89167.3421944728
2016,89720.7402963921
2018,89778.2552509307
2020,90210.0977955372
2022,90832.8555245955
2024,91604.4080508814
2026,91862.9877452591
2028,91997.4516125963
2030,92247.6397254995
2032,92567.6415019715
2034,92769.9668255875
2036,92980.5656182405
2038,93502.828253681
2040,93778.747737672
2042,94108.2078129723
2044,94566.4447546055
2046,95135.7301872208
2048,96392.4471443922
2050,97335.7741413557
