"time","value"
2010,2.25184560468965
2012,1.89369089355442
2014,2.03755864596764
2016,1.66448064976002
2018,1.58419615301321
2020,1.5726552370565
2022,1.53284867026025
2024,1.58212424902448
2026,1.58014423767311
2028,1.54062113215291
2030,1.46096967148525
2032,1.4545101709273
2034,1.42564528640093
2036,1.38673991331727
2038,1.36529359372473
2040,1.32888872887597
2042,1.28912836354649
2044,1.24558494816615
2046,1.20207446282949
2048,1.15669579259727
2050,1.08179222533275
