"time","value"
2010,85525.0309827451
2012,87418.1617557608
2014,89167.3421944728
2016,89720.7402963921
2018,89773.8926023056
2020,90194.1240589499
2022,90782.9287855261
2024,91503.4639416305
2026,91746.9659058651
2028,91895.5007609978
2030,92135.6327787399
2032,92424.2891944435
2034,92709.0757885291
2036,92892.880541307
2038,93070.2986007973
2040,93405.2222778336
2042,94011.5913548669
2044,94596.4273418632
2046,95381.5077245022
2048,96361.8413508723
2050,97345.8099852942
