"time","value"
2010,2.25184560468965
2012,1.89369089355442
2014,2.03755864596764
2016,1.66448063671165
2018,1.58419621417482
2020,1.57265286418397
2022,1.53284154882761
2024,1.58211447758406
2026,1.58015458595336
2028,1.54059378603414
2030,1.46067770546003
2032,1.45990214108229
2034,1.45650686385234
2036,1.45302316050952
2038,1.44663219203677
2040,1.41444203929481
2042,1.38764530376803
2044,1.34822584392076
2046,1.29030323672114
2048,1.22023478726082
2050,1.15222060039379
