"time","value"
2010,2.25184560468965
2012,1.89369089355442
2014,2.03755864596764
2016,1.66448063601567
2018,1.58419618454071
2020,1.57265273429134
2022,1.53284120756438
2024,1.58211282980061
2026,1.58023134261863
2028,1.54091977642785
2030,1.45371917667857
2032,1.43371871686061
2034,1.39653615541031
2036,1.3471942088476
2038,1.31511581227165
2040,1.27011525840684
2042,1.23205096386054
2044,1.18576297452319
2046,1.1296709477573
2048,1.0602766430729
2050,1.00212773208513
