"time","value"
2010,85525.0309827451
2012,87418.1617557608
2014,89167.3421944728
2016,89720.7402963921
2018,89773.8926084325
2020,90194.1243438733
2022,90782.9301416136
2024,91503.334808479
2026,91746.566904225
2028,91893.6304630843
2030,92105.0482329216
2032,92385.2409033021
2034,92627.6977830507
2036,92845.7014867166
2038,93072.2294320552
2040,93333.4960422219
2042,93838.9053303689
2044,94219.0365944535
2046,94540.6094842908
2048,95009.9600750453
2050,95651.1059699349
