"time","value"
2010,85525.0309827451
2012,87418.1617557608
2014,89167.3421944728
2016,89720.7402963921
2018,89763.2586427744
2020,90180.3515811442
2022,91317.7113360391
2024,93191.9398618932
2026,93637.4062163414
2028,93680.100115173
2030,93744.7263543481
2032,93933.2783406089
2034,94263.626559369
2036,94545.2626118869
2038,94740.8487118292
2040,95419.8372589552
2042,96087.5400526448
2044,96635.028679399
2046,97485.1006855169
2048,98390.126513186
2050,99066.5584242927
