"time","value"
2010,85525.0309827451
2012,87418.1617557608
2014,89167.3421944728
2016,89720.7402963921
2018,89792.8043403682
2020,90536.4525415152
2022,91596.5714991405
2024,93558.8405320069
2026,94877.4385531223
2028,95125.3901394556
2030,95364.424766574
2032,95605.1082266905
2034,96015.9223897525
2036,96282.2391883751
2038,96743.506273048
2040,97103.4324716431
2042,97790.6976747646
2044,98437.0108933216
2046,98982.269090312
2048,99365.8661282978
2050,100174.022096678
