"time","value"
2010,85525.0309827451
2012,87418.1617557608
2014,89167.3421944728
2016,89720.7402963921
2018,89786.8135666659
2020,90490.7278344325
2022,91677.8453392221
2024,93784.8237951806
2026,95131.416118559
2028,95350.1059668684
2030,95774.8699617034
2032,95885.5868249424
2034,96144.1327507927
2036,96496.4266381153
2038,97296.6996507609
2040,97828.5678669285
2042,98510.683427625
2044,98931.9017680912
2046,99383.4903409903
2048,99724.702781966
2050,100447.472518948
