"time","value"
2010,85525.0309827451
2012,87418.1617557608
2014,89167.3421944728
2016,89720.7402963921
2018,89804.5928737869
2020,90513.7123414586
2022,91810.2905091795
2024,95696.4113708224
2026,96228.9243416232
2028,96422.5957518263
2030,96484.6725284325
2032,96665.2028296298
2034,97137.311057044
2036,97436.6392420445
2038,97935.4663103746
2040,98739.0613521027
2042,99301.2896892346
2044,100157.814130731
2046,101443.535467748
2048,102679.204100638
2050,103474.640400182
