"time","value"
2010,85525.0309827451
2012,87418.1617557608
2014,89167.3421944728
2016,89720.7402963921
2018,89792.6283082367
2020,90537.3321225101
2022,91599.3929479297
2024,93614.4391057148
2026,94893.0476391873
2028,95125.5459115502
2030,95377.592239897
2032,95587.549200988
2034,95683.3646881465
2036,95921.6089837601
2038,96207.8858132998
2040,96462.0656623981
2042,96731.9589484913
2044,97185.2299289793
2046,97316.5030624886
2048,97653.8518760561
2050,98321.8149910171
