"time","value"
2010,85525.0309827451
2012,87418.1617557608
2014,89167.3421944728
2016,89720.7402963921
2018,89918.8374685145
2020,91254.5100917792
2022,92654.3381809834
2024,94709.9469093331
2026,97166.8260932689
2028,100096.557324133
2030,100986.866863833
2032,101975.724305548
2034,103626.349532797
2036,105376.783947126
2038,106879.437706651
2040,108456.695257469
2042,110446.01935718
2044,112950.810672368
2046,114444.349577424
2048,116317.278031868
2050,118564.537301335
