"time","value"
2010,85525.0309827451
2012,87418.1617557608
2014,89074.4306871676
2016,89627.8287890868
2018,89629.6446564637
2020,89636.5770772602
2022,89894.3374443445
2024,90394.102749005
2026,90614.677518274
2028,90935.815121088
2030,91020.1156671658
2032,91021.1692779003
2034,91042.8447998975
2036,91049.7665134663
2038,91061.1416018101
2040,91072.1395709734
2042,91144.4404502014
2044,91317.8276981294
2046,91351.2957237961
2048,91395.5818196637
2050,91506.4106835806
