"time","value"
2010,85525.0309827451
2012,87418.1617557608
2014,89167.3421944728
2016,89720.7402963921
2018,89849.500260105
2020,91057.4725018776
2022,93609.4882784136
2024,96308.1888190787
2026,96940.6850933588
2028,97268.9969870987
2030,97634.4596893323
2032,97894.7984702687
2034,98622.249707505
2036,99365.6971192626
2038,100386.083980282
2040,101170.094257638
2042,102360.417629136
2044,103488.992472492
2046,104106.96655788
2048,104809.418972798
2050,105727.622346188
