"time","value"
2010,85525.0309827451
2012,87418.1617557608
2014,89167.3421944728
2016,89720.7402963921
2018,89800.5236436391
2020,90639.7771440764
2022,91941.5764738954
2024,94097.6240319486
2026,95845.3358988453
2028,96045.9470789537
2030,96201.7258756984
2032,96354.540475684
2034,96854.9416725581
2036,97251.3427090189
2038,98080.4700202619
2040,98585.1405419209
2042,99337.7868581833
2044,99910.6031065295
2046,100363.436058875
2048,100782.542856072
2050,101555.031358752
