"time","value"
2010,85525.0309827451
2012,87418.1617557608
2014,89167.3421944728
2016,89720.7402963921
2018,89805.6397006128
2020,90271.2323331459
2022,91542.535350555
2024,93050.2053648959
2026,94274.3017062709
2028,94331.1014335346
2030,94364.8484854939
2032,94379.2394884814
2034,94414.9229922953
2036,94438.8344798686
2038,94462.8107144439
2040,94519.7724294508
2042,94617.4297825194
2044,94857.0635224096
2046,95394.6884276883
2048,95971.31302597
2050,96439.1357875681
