"time","value"
2010,85525.0309827451
2012,87418.1617557608
2014,89167.3421944728
2016,89720.7402963921
2018,89764.4176660761
2020,90334.9634653319
2022,90735.7496367252
2024,91680.2174157537
2026,93740.6484382869
2028,94879.5647087895
2030,95496.9495175964
2032,95542.5558248512
2034,95705.4364588967
2036,95978.3284917481
2038,96460.9244949935
2040,96832.162325681
2042,97106.6897070838
2044,97529.393960654
2046,97752.0860166718
2048,98288.0686031061
2050,98991.792796408
