"time","value"
2010,85525.0309827451
2012,87418.1617557608
2014,89167.3421944728
2016,89720.7402963921
2018,89798.2784171518
2020,90537.6822360573
2022,91609.4141836118
2024,93763.2997735885
2026,95338.5432618371
2028,95473.5058554611
2030,95522.0740304919
2032,95583.2869237584
2034,95790.5325040119
2036,95906.0226402523
2038,96081.732068939
2040,96372.4257860441
2042,96749.1922686688
2044,97307.9604446334
2046,98320.9679465423
2048,99456.952228661
2050,100639.133409449
