"time","value"
2010,85525.0309827451
2012,87418.1617557608
2014,89167.3421944728
2016,89720.7402963921
2018,89825.6784650646
2020,90680.6655685791
2022,91890.5251501288
2024,93922.7601246308
2026,95097.5136869689
2028,95468.9936568183
2030,95845.2042551342
2032,96136.5515136927
2034,96841.4139820083
2036,97349.3260249176
2038,98098.5027958434
2040,99233.6799115766
2042,99936.4499432497
2044,100842.194844022
2046,101206.057450601
2048,101742.220013312
2050,102293.442629097
