"time","value"
2010,85525.0309827451
2012,87418.1617557608
2014,89167.3421944728
2016,89720.7402963921
2018,89790.9532351426
2020,90547.4783835042
2022,91637.8625383041
2024,93665.2700332424
2026,95078.1536078336
2028,95317.4992058406
2030,95548.3487373631
2032,95747.3705933474
2034,96076.2206408679
2036,96326.3104793961
2038,96883.5494177987
2040,97384.1023471846
2042,98281.5382947301
2044,99392.1508712017
2046,100137.303345248
2048,100785.252676506
2050,101733.364653386
