"time","value"
2010,2.2854080058182
2012,1.92811009215743
2014,2.00745805982678
2016,1.65912770991408
2018,1.63321254607742
2020,1.54824763046368
2022,1.54526627682597
2024,1.55046709640122
2026,1.57758679889142
2028,1.53704008492341
2030,1.49079327878682
2032,1.48749507119327
2034,1.5359256524901
2036,1.55268486366075
2038,1.5524273175542
2040,1.55227194357551
2042,1.55214146318294
2044,1.55208538125107
2046,1.55200967694048
2048,1.5519228169189
2050,1.55159046755298
