"time","value"
2010,85525.0309827451
2012,87418.1617557608
2014,89167.3421944728
2016,89720.7402963921
2018,89793.2027761478
2020,90540.9471089129
2022,91597.4361649067
2024,93483.3850616956
2026,95850.0101336075
2028,98754.7406841369
2030,100142.610658764
2032,101761.624271846
2034,103687.344160937
2036,105260.893643765
2038,107511.92012461
2040,111509.981431269
2042,121102.119178479
2044,132133.065020087
2046,142657.399323176
2048,154515.065812541
2050,161289.593192725
