"time","value"
2010,85525.0309827451
2012,87418.1617557608
2014,89167.3421944728
2016,89720.7402963921
2018,89728.9955116418
2020,89911.1832311299
2022,90412.7188933687
2024,90740.7595490337
2026,91320.003050915
2028,91599.1880746457
2030,91926.3267540646
2032,92187.6035294333
2034,92619.4598322705
2036,93271.619308712
2038,95049.4952386136
2040,96900.3982026361
2042,98206.8296662722
2044,100279.529145488
2046,102099.27832282
2048,103861.269108346
2050,104906.148281953
