"time","value"
2010,85525.0309827451
2012,87418.1617557608
2014,89167.3421944728
2016,89720.7402963921
2018,89727.7944840586
2020,89920.0488424567
2022,90441.4479093676
2024,90765.8583539076
2026,91161.382970529
2028,91453.4597013766
2030,92226.9398741748
2032,92908.2284837805
2034,93921.3648291933
2036,95174.6025084167
2038,96521.776842999
2040,98280.1900134445
2042,99251.8075261216
2044,100997.278707553
2046,102958.893637108
2048,106585.13245631
2050,111217.257729272
