"time","value"
2010,85525.0309827451
2012,87418.1617557608
2014,89167.3421944728
2016,89720.7402963921
2018,89750.6100656327
2020,89970.9868190763
2022,90975.487473736
2024,91365.3877335442
2026,91663.5883118439
2028,91959.4102093448
2030,92462.3875510986
2032,92752.2093460257
2034,92981.3433072304
2036,93510.0330312374
2038,94361.7407251093
2040,95247.4607485847
2042,96289.2816794063
2044,97591.4603671168
2046,99518.982546437
2048,102903.974524674
2050,105135.351485647
