"time","value"
2010,85525.0309827451
2012,87418.1617557608
2014,89167.3421944728
2016,89720.7402963921
2018,89727.2267657744
2020,89943.1638247672
2022,90429.5643159432
2024,90732.7391130856
2026,91239.9641484057
2028,91526.3456823914
2030,92162.8526661803
2032,92638.4444728819
2034,93033.5812846959
2036,93492.8035908356
2038,94088.4425487023
2040,94655.0534327833
2042,96075.9207352387
2044,97133.7329875253
2046,98445.9601522587
2048,101196.287994231
2050,103107.564642888
