"time","value"
2010,2.2352796272593
2012,1.88320313274151
2014,2.02764687829616
2016,1.70718773613319
2018,1.6791837280943
2020,1.68372114425411
2022,1.71580193289506
2024,1.7632985222943
2026,1.77412994004406
2028,1.76166789869982
2030,1.72447672356382
2032,1.74776540204336
2034,1.73992970375095
2036,1.77150743390317
2038,1.78571442625286
2040,1.7727050233373
2042,1.75076348386733
2044,1.70788279376808
2046,1.63130133014179
2048,1.51746984068919
2050,1.42136297587367
