"time","value"
2010,85525.0309827451
2012,87418.1617557608
2014,89167.3421944728
2016,89720.7402963921
2018,89729.826769445
2020,89921.6363523238
2022,90447.3998059157
2024,90753.6668083338
2026,91293.0797552969
2028,91774.1790050758
2030,92155.3262843675
2032,92580.6362809314
2034,92872.6844685188
2036,93165.5042834021
2038,93666.381005863
2040,94256.0440363119
2042,95565.6379206822
2044,96783.0072315308
2046,98492.6224061504
2048,101211.802119165
2050,103546.757864573
