"time","value"
2010,85525.0309827451
2012,87418.1617557608
2014,89167.3421944728
2016,89720.7402963921
2018,89727.8143673639
2020,89953.4185626933
2022,90589.744779129
2024,90952.0395910995
2026,91294.6677844425
2028,91829.8421803696
2030,92252.2088677175
2032,92726.3140464733
2034,93015.4123410934
2036,93497.1809994243
2038,94261.6771773222
2040,95129.9545712703
2042,96337.4758178986
2044,97550.4088063854
2046,99733.1731207706
2048,103109.095042592
2050,105683.178085404
