"time","value"
2010,85525.0309827451
2012,87418.1617557608
2014,89167.3421944728
2016,89720.7402963921
2018,89727.9696829864
2020,89770.1797166429
2022,90388.8252853281
2024,90694.646980616
2026,91700.6388737229
2028,92174.7081259346
2030,92330.8450257199
2032,92502.0183967202
2034,92670.4437470128
2036,92867.6019504802
2038,93084.5866272081
2040,93174.9570468258
2042,94680.3668190147
2044,94831.9933524371
2046,95581.4906153646
2048,98163.9170172926
2050,99909.6247813445
