"time","value"
2010,85525.0309827451
2012,87418.1617557608
2014,89167.3421944728
2016,89720.7402963921
2018,89728.8188324367
2020,90269.5122872312
2022,92371.3492291172
2024,93297.89492211
2026,94989.0024926169
2028,96987.4201761091
2030,99756.2544546226
2032,102917.301199042
2034,105792.229905445
2036,108458.847019018
2038,111375.285566559
2040,116202.687088883
2042,118554.167286672
2044,122021.978894668
2046,126158.633018119
2048,130268.469910233
2050,135392.86678432
