"time","value"
2010,85525.0309827451
2012,87418.1617557608
2014,89167.3421944728
2016,89720.7402963921
2018,89727.7995139744
2020,89918.1886428539
2022,90434.3304721114
2024,90754.5232442712
2026,91300.3183769945
2028,91756.4060608024
2030,92152.3719886892
2032,92437.2787612254
2034,92749.5069104936
2036,93125.8358445558
2038,93665.7525367744
2040,94227.1857807077
2042,95187.0155307505
2044,96397.6007793278
2046,98927.0802424192
2048,102900.920530347
2050,107149.921914736
