"time","value"
2010,85525.0309827451
2012,87418.1617557608
2014,89167.3421944728
2016,89720.7402963921
2018,89729.1588826592
2020,90124.5993190909
2022,90840.7326648154
2024,91234.8337009267
2026,91838.0340802796
2028,92402.5574886631
2030,93263.4647850705
2032,94170.5937061091
2034,95272.082131715
2036,95936.0269582363
2038,96507.4161060591
2040,97724.624249096
2042,98538.0167270339
2044,100072.41479853
2046,101859.660983433
2048,103759.845383289
2050,105047.757140049
