"time","value"
2010,85525.0309827451
2012,87418.1617557608
2014,89167.3421944728
2016,89720.7402963921
2018,89731.4208949278
2020,90134.0602207936
2022,90969.0140248453
2024,91448.5878153501
2026,91854.0871718405
2028,92165.0212039082
2030,92715.7135870687
2032,93330.4490540646
2034,93892.8283518318
2036,94985.6707407771
2038,95769.9677121107
2040,97065.2801909366
2042,98080.6252683307
2044,99542.2166012758
2046,101478.330524534
2048,102852.736528621
2050,104527.544974534
