"time","value"
2010,85525.0309827451
2012,87418.1617557608
2014,89167.3421944728
2016,89720.7402963921
2018,89728.2518941109
2020,90139.8645637708
2022,90653.3448718846
2024,91088.9941541034
2026,91543.7867895403
2028,92020.3593655741
2030,92761.7630435783
2032,93504.6790112137
2034,94382.7481623051
2036,95411.2346044979
2038,95876.6447927219
2040,97112.3710110838
2042,97895.7295151782
2044,99381.4193387614
2046,100719.574199404
2048,102001.322472546
2050,103472.104238141
