"time","value"
2010,85525.0309827451
2012,87418.1617557608
2014,89167.3421944728
2016,89720.7402963921
2018,89727.6060346227
2020,89734.8353587099
2022,90025.3959638952
2024,90326.3984218989
2026,90639.9241111406
2028,91056.8692138169
2030,91675.8432325361
2032,91885.3640320201
2034,92028.854343192
2036,92121.5666116165
2038,92257.3802985074
2040,92368.494668294
2042,92533.2612952749
2044,92857.9973271718
2046,93219.2065322346
2048,93765.1272810909
2050,94385.6614458056
