"time","value"
2010,85525.0309827451
2012,87418.1617557608
2014,89167.3421944728
2016,89720.7402963921
2018,89727.8232417072
2020,89919.0160633034
2022,90440.2351751081
2024,91012.3197335683
2026,92039.5716428908
2028,93479.950068109
2030,94936.2316736516
2032,96993.1032882022
2034,99143.7764793827
2036,101386.737582875
2038,103719.771921479
2040,108913.756123297
2042,112563.189042138
2044,116422.364483853
2046,118891.826942367
2048,120908.717572148
2050,122699.672372416
