"time","value"
2010,85525.0309827451
2012,87418.1617557608
2014,89167.3421944728
2016,89720.7402963921
2018,89727.8074671819
2020,89919.7176737177
2022,90430.2144283315
2024,91472.9390305462
2026,93510.3390265583
2028,96405.1554446266
2030,99550.3819021211
2032,100249.687935236
2034,101073.755128448
2036,101637.302906149
2038,101772.240543471
2040,101995.56020704
2042,102251.206599025
2044,102614.928480822
2046,103242.006181797
2048,104942.521403117
2050,106739.930252298
