"time","value"
2010,85525.0309827451
2012,87418.1617557608
2014,89167.3421944728
2016,89720.7402963921
2018,89729.7929719914
2020,89922.4204294416
2022,90450.7330230333
2024,90749.8887286544
2026,91281.3141674953
2028,91553.1492598436
2030,91794.3980887322
2032,92084.7109834731
2034,92410.6953986905
2036,92733.931452669
2038,93140.3002066287
2040,93689.0093330951
2042,94994.6481153543
2044,96028.6997420541
2046,97699.2589307664
2048,101157.192230731
2050,103597.014325317
