"time","value"
2010,85525.0309827451
2012,87418.1617557608
2014,89167.3421944728
2016,89720.7402963921
2018,89729.5173693499
2020,89914.4584479145
2022,90471.2417622237
2024,90760.0772505845
2026,91242.4762670244
2028,91901.1962498863
2030,92312.15497052
2032,92646.5635391148
2034,92930.3712395733
2036,93305.7024090492
2038,93856.5320012419
2040,94543.3092516036
2042,95873.6729873771
2044,96970.6288384918
2046,99092.4777971075
2048,102258.701399211
2050,104975.824968264
