"time","value"
2010,85525.0309827451
2012,87418.1617557608
2014,89167.3421944728
2016,89720.7402963921
2018,89727.7956801352
2020,89921.2491486473
2022,90440.4480162649
2024,90749.3921469703
2026,91298.5971078363
2028,91739.926362587
2030,92104.1022447355
2032,92402.9223911339
2034,92853.990525693
2036,93296.7115901043
2038,94153.0870459095
2040,95197.8588196078
2042,96488.8183417539
2044,98000.0841790776
2046,100687.176433192
2048,104374.424135994
2050,107780.725564414
